PlayListID,PlayListName,UserID
1,join,1661
2,senior,1629
3,assume,1221
4,score,409
5,room,231
6,yet,211
7,national,589
8,including,433
9,five,1206
10,note,1789
11,nation,886
12,mother,1627
13,cell,1812
14,difficult,425
15,most,456
16,personal,712
17,field,1868
18,think,136
19,respond,1183
20,design,291
21,democratic,1934
22,close,683
23,organization,385
24,law,728
25,another,229
26,alone,1443
27,including,184
28,write,699
29,ability,402
30,bed,1353
31,outside,523
32,indicate,1166
33,run,1606
34,pull,231
35,care,1462
36,exist,966
37,hour,887
38,game,943
39,less,1606
40,attack,1966
41,building,1967
42,research,852
43,coach,1524
44,soon,1030
45,send,1440
46,grow,1846
47,remember,1266
48,speak,52
49,pick,629
50,real,135
51,mother,1304
52,off,1564
53,report,1130
54,voice,300
55,say,1355
56,minute,1683
57,history,421
58,stock,1305
59,lead,1823
60,need,223
61,forget,303
62,among,1288
63,few,1909
64,television,338
65,difficult,1918
66,begin,410
67,baby,610
68,season,1518
69,dark,702
70,area,1738
71,politics,833
72,kind,1408
73,daughter,1080
74,organization,482
75,manager,1516
76,statement,1438
77,ability,1259
78,level,1461
79,quality,1921
80,toward,1930
81,green,279
82,bill,156
83,no,868
84,style,1039
85,want,1024
86,human,401
87,cut,617
88,pull,28
89,according,1177
90,become,491
91,today,92
92,character,1862
93,road,1068
94,onto,1430
95,current,567
96,instead,659
97,however,349
98,itself,1699
99,provide,408
100,deep,401
101,little,371
102,executive,968
103,social,1164
104,agree,199
105,wide,821
106,per,816
107,continue,1733
108,unit,298
109,factor,773
110,check,1312
111,door,1253
112,claim,1541
113,current,201
114,home,350
115,economic,457
116,adult,844
117,radio,1026
118,wide,606
119,born,206
120,including,1012
121,tough,1553
122,get,1242
123,school,795
124,human,598
125,indeed,1111
126,nearly,331
127,know,384
128,sound,1898
129,future,3
130,specific,1205
131,himself,649
132,teacher,833
133,Republican,1796
134,she,1856
135,who,1651
136,pull,1191
137,network,1091
138,strategy,470
139,thousand,1565
140,manager,1201
141,help,186
142,they,258
143,various,17
144,present,1790
145,believe,1893
146,at,1552
147,allow,1112
148,beat,715
149,real,1650
150,either,1904
151,miss,167
152,these,555
153,within,599
154,indeed,531
155,worry,1260
156,explain,87
157,become,477
158,effect,736
159,couple,193
160,stock,1477
161,population,1264
162,church,1586
163,reduce,975
164,among,1593
165,hit,1023
166,drop,1490
167,rich,1048
168,contain,21
169,style,821
170,toward,1626
171,authority,882
172,score,15
173,reason,858
174,town,1527
175,green,1059
176,radio,35
177,west,1790
178,bank,687
179,story,846
180,accept,1458
181,tonight,1736
182,simple,610
183,couple,1935
184,cultural,847
185,later,730
186,bit,922
187,health,772
188,space,605
189,well,1482
190,story,1059
191,establish,1674
192,late,649
193,involve,818
194,economic,1800
195,industry,123
196,right,886
197,back,1970
198,herself,1994
199,ever,1123
200,ahead,1667
201,pass,760
202,identify,945
203,media,104
204,performance,1343
205,treat,134
206,fish,719
207,the,219
208,common,1914
209,morning,167
210,final,451
211,education,1693
212,answer,81
213,teach,581
214,worry,1387
215,manage,893
216,mouth,1531
217,local,748
218,outside,1116
219,marriage,123
220,Republican,1810
221,senior,642
222,number,198
223,find,1208
224,goal,848
225,author,1124
226,painting,972
227,hot,1210
228,it,1237
229,choice,482
230,project,1715
231,popular,102
232,the,858
233,color,1317
234,cost,1146
235,join,111
236,wind,1526
237,tonight,1285
238,act,201
239,black,882
240,hold,616
241,appear,791
242,item,196
243,administration,806
244,kind,1600
245,hot,714
246,enjoy,1054
247,example,1875
248,sort,1554
249,society,878
250,ahead,441
251,how,1360
252,plan,457
253,century,1462
254,provide,1728
255,anyone,713
256,reason,1410
257,drive,862
258,all,180
259,get,1367
260,child,1302
261,process,1670
262,different,1826
263,radio,1087
264,Republican,831
265,thousand,706
266,run,1654
267,game,1643
268,treat,1913
269,positive,176
270,contain,1778
271,church,1229
272,sort,1981
273,push,895
274,look,1120
275,base,1451
276,president,1753
277,worker,1161
278,long,528
279,risk,1459
280,Mrs,1774
281,position,328
282,debate,1198
283,choice,1921
284,let,216
285,difference,12
286,discussion,1718
287,exist,1195
288,great,1553
289,bad,1595
290,structure,526
291,almost,41
292,hundred,1959
293,reveal,814
294,product,605
295,benefit,1038
296,over,1272
297,business,940
298,lose,1792
299,environment,696
300,boy,1355
301,large,1454
302,billion,1982
303,must,1117
304,decade,854
305,would,958
306,foot,429
307,serious,1687
308,how,1916
309,skill,1704
310,who,1765
311,involve,1503
312,method,432
313,across,1200
314,main,115
315,anything,660
316,dark,705
317,for,838
318,personal,111
319,travel,1255
320,pressure,1290
321,response,1514
322,stop,1903
323,forget,178
324,task,113
325,affect,824
326,major,1627
327,growth,799
328,far,1181
329,middle,117
330,woman,436
331,I,1051
332,imagine,204
333,nation,374
334,enough,757
335,along,44
336,tell,346
337,see,1847
338,upon,15
339,account,8
340,among,1405
341,see,361
342,consider,462
343,seat,1046
344,about,1214
345,common,567
346,stop,658
347,nothing,709
348,analysis,140
349,word,117
350,road,887
351,writer,885
352,energy,772
353,thus,1817
354,bag,193
355,way,1363
356,enjoy,380
357,pick,205
358,director,931
359,painting,629
360,song,81
361,fine,904
362,these,1023
363,agreement,12
364,happen,599
365,never,561
366,vote,1755
367,recognize,426
368,modern,632
369,show,1825
370,major,627
371,full,1630
372,foreign,1194
373,wonder,999
374,moment,700
375,finish,23
376,old,942
377,protect,1790
378,model,37
379,market,1399
380,turn,1403
381,but,732
382,save,1478
383,some,104
384,stay,866
385,surface,245
386,occur,1479
387,still,1713
388,ball,1108
389,visit,1598
390,support,389
391,rest,924
392,receive,1291
393,benefit,1724
394,fire,214
395,cut,132
396,crime,552
397,model,1098
398,brother,1378
399,author,1491
400,decision,1911
401,light,1733
402,final,309
403,always,1841
404,almost,1410
405,American,876
406,cultural,1199
407,husband,41
408,per,1492
409,break,219
410,TV,1374
411,team,1718
412,special,306
413,eight,646
414,thing,1066
415,step,1709
416,left,1869
417,into,1374
418,brother,1129
419,occur,1074
420,star,127
421,couple,1100
422,green,930
423,type,1661
424,movie,1677
425,buy,1107
426,let,1313
427,direction,151
428,challenge,146
429,step,608
430,machine,1849
431,look,509
432,where,1574
433,particularly,1418
434,everything,11
435,difference,1350
436,approach,1077
437,thousand,442
438,land,1573
439,focus,1885
440,room,850
441,back,1238
442,cover,686
443,sense,78
444,three,865
445,animal,1900
446,realize,513
447,keep,1833
448,form,1215
449,local,823
450,design,12
451,smile,1139
452,attention,424
453,figure,972
454,begin,667
455,industry,1223
456,little,1555
457,generation,1554
458,whole,69
459,product,1725
460,now,212
461,seem,1005
462,experience,1169
463,man,182
464,response,194
465,decide,1800
466,including,1113
467,notice,1527
468,life,797
469,order,272
470,past,152
471,act,77
472,rich,1113
473,large,789
474,begin,557
475,sort,1355
476,game,94
477,security,1401
478,information,1946
479,share,3
480,discuss,1426
481,prevent,1162
482,both,1740
483,organization,346
484,better,90
485,policy,1449
486,while,495
487,somebody,1585
488,allow,1854
489,too,822
490,its,412
491,think,53
492,close,1139
493,west,997
494,part,435
495,again,161
496,focus,993
497,draw,526
498,conference,1209
499,suggest,1379
500,plant,1014
501,yes,656
502,each,1849
503,how,1082
504,student,413
505,deal,1224
506,pass,184
507,trade,206
508,human,731
509,how,1040
510,woman,1942
511,how,1565
512,view,443
513,together,609
514,couple,472
515,never,83
516,pattern,1119
517,rise,1477
518,responsibility,541
519,miss,1621
520,really,1774
521,pick,8
522,whatever,174
523,item,1741
524,itself,33
525,away,71
526,available,638
527,outside,1199
528,rate,1506
529,soon,1976
530,fine,1449
531,stock,1721
532,prepare,1365
533,listen,1869
534,recent,1105
535,find,437
536,last,1169
537,method,1224
538,turn,283
539,us,1607
540,hope,529
541,pressure,1258
542,player,899
543,box,628
544,husband,1544
545,assume,1940
546,style,1183
547,we,201
548,figure,1351
549,control,778
550,study,1799
551,follow,1069
552,create,1890
553,herself,643
554,get,1921
555,own,162
556,able,460
557,lawyer,188
558,list,1347
559,mean,108
560,reflect,1908
561,pull,7
562,agree,1271
563,support,979
564,street,998
565,if,1140
566,whatever,464
567,either,1614
568,inside,381
569,ever,1625
570,operation,505
571,day,1845
572,shoulder,1475
573,memory,114
574,win,398
575,name,1124
576,ability,671
577,recognize,1751
578,network,1639
579,service,623
580,activity,1431
581,answer,1579
582,program,349
583,teacher,1728
584,minute,1790
585,degree,1444
586,meet,172
587,enough,270
588,civil,1668
589,knowledge,1582
590,mouth,1641
591,identify,568
592,something,1477
593,remain,1631
594,most,142
595,benefit,1800
596,feel,1921
597,clear,1009
598,past,506
599,decide,170
600,thing,1083
601,certain,149
602,only,1732
603,town,370
604,once,1402
605,provide,90
606,particularly,1549
607,history,356
608,perform,684
609,these,1780
610,lawyer,315
611,note,1306
612,toward,479
613,information,1975
614,hard,917
615,doctor,1359
616,raise,794
617,check,1050
618,book,1280
619,subject,1497
620,white,834
621,after,1445
622,authority,788
623,while,459
624,really,1892
625,focus,106
626,series,61
627,from,327
628,involve,1587
629,energy,777
630,less,150
631,change,1351
632,son,852
633,activity,1260
634,politics,708
635,end,128
636,skin,1851
637,Congress,402
638,magazine,144
639,star,1208
640,brother,934
641,among,522
642,movement,1996
643,more,446
644,old,762
645,name,1648
646,rise,1777
647,since,1452
648,sometimes,612
649,here,1337
650,notice,577
651,fish,527
652,debate,631
653,artist,624
654,similar,1224
655,try,1687
656,name,659
657,campaign,1775
658,expert,610
659,cup,167
660,company,680
661,physical,454
662,later,600
663,director,1575
664,general,542
665,home,1462
666,white,618
667,home,1365
668,break,1665
669,a,216
670,respond,1504
671,represent,351
672,network,807
673,level,1928
674,seek,148
675,cell,1170
676,member,601
677,force,1362
678,wait,1846
679,fact,610
680,challenge,245
681,media,1275
682,else,846
683,test,1927
684,training,1587
685,lot,24
686,old,1192
687,when,119
688,cause,1205
689,old,163
690,recently,1217
691,each,124
692,couple,1398
693,wish,227
694,job,1475
695,peace,916
696,house,1930
697,two,513
698,if,947
699,by,123
700,involve,1214
701,explain,1403
702,member,1760
703,choose,1476
704,name,378
705,worker,567
706,money,1914
707,large,1455
708,wrong,722
709,standard,572
710,size,1052
711,southern,1461
712,yeah,1798
713,big,1444
714,yourself,1175
715,church,1893
716,because,808
717,within,77
718,better,1545
719,manager,1771
720,whether,367
721,white,1317
722,base,1345
723,Republican,388
724,sign,788
725,and,1063
726,old,731
727,especially,1374
728,make,814
729,first,1905
730,police,1471
731,third,141
732,idea,1592
733,interest,693
734,movement,796
735,against,746
736,next,995
737,describe,964
738,according,397
739,write,288
740,agency,711
741,bad,194
742,live,316
743,take,516
744,after,1484
745,mind,1477
746,star,250
747,just,617
748,up,1422
749,picture,1590
750,police,181
751,record,1816
752,attack,1117
753,official,696
754,task,1162
755,put,1727
756,less,927
757,moment,1828
758,my,1783
759,north,1221
760,firm,467
761,good,1329
762,green,1891
763,heart,1821
764,blood,455
765,few,299
766,fall,99
767,democratic,1887
768,computer,153
769,at,1361
770,carry,1386
771,radio,167
772,current,1536
773,serve,1007
774,including,186
775,evening,376
776,size,739
777,social,109
778,east,1823
779,science,718
780,TV,88
781,situation,1455
782,responsibility,1972
783,first,1310
784,scientist,1990
785,use,1386
786,long,814
787,news,1515
788,without,114
789,ground,1024
790,I,1112
791,issue,1206
792,great,1224
793,race,200
794,suffer,1353
795,leader,929
796,tax,1680
797,artist,1308
798,break,1220
799,hope,1470
800,fire,1312
801,sure,1213
802,class,385
803,technology,1160
804,modern,742
805,provide,1413
806,himself,1821
807,over,1066
808,cut,399
809,up,1806
810,education,798
811,increase,924
812,use,875
813,partner,1785
814,already,108
815,dinner,288
816,soon,1603
817,animal,301
818,college,1760
819,under,1708
820,box,1825
821,score,1544
822,assume,1245
823,sometimes,762
824,challenge,1654
825,economy,1661
826,music,1936
827,what,1658
828,able,1333
829,character,1665
830,customer,146
831,fact,796
832,structure,1546
833,medical,473
834,unit,391
835,describe,331
836,parent,1208
837,suffer,996
838,write,737
839,happy,713
840,church,1429
841,long,1447
842,car,377
843,name,1540
844,understand,671
845,short,681
846,specific,1311
847,energy,1159
848,occur,1126
849,institution,671
850,note,1818
851,heavy,665
852,behavior,132
853,attorney,1888
854,under,1979
855,anything,1209
856,front,388
857,mouth,1260
858,seat,640
859,listen,1374
860,sea,608
861,site,1255
862,stuff,657
863,skin,1771
864,land,531
865,attorney,927
866,trouble,986
867,them,498
868,be,65
869,too,335
870,no,57
871,improve,1034
872,image,1908
873,finish,379
874,course,1917
875,learn,1166
876,professor,1765
877,actually,1386
878,plan,951
879,word,124
880,young,165
881,would,54
882,tough,133
883,nature,491
884,create,942
885,next,207
886,serious,1540
887,agreement,1410
888,character,1491
889,class,1434
890,how,529
891,despite,130
892,bar,810
893,join,1884
894,scene,1048
895,morning,501
896,increase,1651
897,ten,1283
898,a,1952
899,agent,205
900,month,21
901,near,268
902,positive,1049
903,they,646
904,production,448
905,top,657
906,high,140
907,strong,886
908,all,1348
909,guy,743
910,he,533
911,arrive,191
912,tell,1707
913,art,585
914,hear,961
915,well,189
916,house,1821
917,stage,1608
918,kitchen,819
919,writer,864
920,street,55
921,resource,1179
922,of,87
923,rich,1884
924,onto,1033
925,her,239
926,college,1585
927,security,1930
928,dog,594
929,spend,1628
930,cultural,1355
931,perform,220
932,senior,382
933,away,272
934,allow,599
935,truth,548
936,than,534
937,apply,1947
938,that,615
939,nor,1333
940,imagine,1967
941,issue,802
942,everything,338
943,truth,1142
944,above,1487
945,growth,1336
946,deep,1531
947,bring,7
948,affect,1703
949,under,121
950,two,483
951,offer,1472
952,close,1962
953,movie,1957
954,step,868
955,where,1533
956,positive,68
957,always,1270
958,program,1814
959,police,1055
960,lead,477
961,I,1876
962,happy,205
963,idea,986
964,behavior,1283
965,camera,1243
966,support,1111
967,such,460
968,start,1313
969,church,38
970,walk,1883
971,camera,356
972,total,944
973,decide,884
974,amount,278
975,pass,1015
976,send,486
977,local,1840
978,special,1945
979,year,1125
980,card,1691
981,final,1039
982,get,1658
983,than,802
984,fish,1144
985,natural,1977
986,you,736
987,side,275
988,another,1499
989,throughout,160
990,each,1661
991,quickly,86
992,yard,810
993,year,1597
994,make,287
995,become,23
996,down,949
997,mission,812
998,role,702
999,minute,1711
1000,part,1461
1001,six,1697
1002,make,1350
1003,well,1131
1004,face,1723
1005,be,1482
1006,those,1992
1007,establish,892
1008,ok,1413
1009,crime,12
1010,easy,1278
1011,should,823
1012,rather,857
1013,customer,739
1014,throw,1745
1015,contain,821
1016,great,708
1017,public,410
1018,beat,1083
1019,rest,1020
1020,certainly,218
1021,situation,501
1022,long,897
1023,human,1099
1024,trip,1215
1025,thought,459
1026,my,79
1027,page,423
1028,large,566
1029,decide,1115
1030,my,1623
1031,oil,348
1032,lot,952
1033,degree,1107
1034,leg,1159
1035,sit,33
1036,scene,997
1037,produce,956
1038,significant,489
1039,college,1954
1040,operation,974
1041,later,1058
1042,look,419
1043,offer,906
1044,sign,1685
1045,threat,679
1046,between,1953
1047,phone,489
1048,time,1341
1049,lot,1755
1050,indeed,333
1051,the,1571
1052,reflect,68
1053,past,1555
1054,set,1711
1055,claim,1156
1056,Congress,581
1057,risk,531
1058,around,39
1059,central,991
1060,meet,11
1061,push,1552
1062,official,1993
1063,point,1772
1064,if,1501
1065,last,813
1066,six,1180
1067,artist,193
1068,light,830
1069,issue,806
1070,cold,862
1071,analysis,768
1072,eye,311
1073,firm,233
1074,son,626
1075,news,1029
1076,bring,806
1077,research,767
1078,watch,423
1079,speak,1744
1080,free,1937
1081,community,488
1082,main,757
1083,significant,1596
1084,although,744
1085,military,1395
1086,threat,1495
1087,behind,977
1088,record,485
1089,professional,1775
1090,edge,1649
1091,animal,1802
1092,cause,1814
1093,education,722
1094,together,111
1095,almost,588
1096,find,955
1097,cover,32
1098,without,383
1099,room,1798
1100,industry,57
1101,teacher,1469
1102,forget,555
1103,his,1087
1104,and,369
1105,might,645
1106,season,940
1107,drug,36
1108,majority,766
1109,big,892
1110,everybody,1174
1111,hair,313
1112,according,1046
1113,medical,295
1114,collection,162
1115,inside,666
1116,customer,1307
1117,garden,158
1118,charge,158
1119,when,499
1120,success,1912
1121,seat,802
1122,quickly,1623
1123,approach,750
1124,glass,768
1125,where,1954
1126,clearly,593
1127,cup,211
1128,include,203
1129,later,1543
1130,foreign,1721
1131,population,736
1132,place,241
1133,challenge,1791
1134,side,1240
1135,end,341
1136,owner,1853
1137,near,622
1138,add,1994
1139,today,731
1140,keep,1810
1141,bit,477
1142,stop,397
1143,often,356
1144,culture,639
1145,help,1820
1146,short,888
1147,key,1615
1148,staff,1560
1149,improve,241
1150,last,1913
1151,adult,580
1152,southern,726
1153,mission,529
1154,continue,1720
1155,treat,210
1156,for,1135
1157,environment,747
1158,around,627
1159,boy,1070
1160,through,346
1161,move,1484
1162,work,1887
1163,culture,671
1164,college,27
1165,the,490
1166,woman,1982
1167,himself,474
1168,add,1532
1169,ready,1251
1170,sing,233
1171,issue,1336
1172,apply,1508
1173,doctor,849
1174,explain,336
1175,part,1163
1176,tend,1924
1177,weight,1501
1178,yes,1891
1179,apply,1887
1180,talk,1191
1181,through,1991
1182,age,315
1183,itself,1276
1184,imagine,1778
1185,easy,1386
1186,phone,477
1187,likely,1599
1188,base,207
1189,story,922
1190,place,1397
1191,culture,575
1192,TV,1839
1193,practice,55
1194,ahead,119
1195,ability,1868
1196,require,506
1197,rather,1631
1198,game,822
1199,moment,871
1200,game,1396
1201,seven,190
1202,kid,1329
1203,several,340
1204,order,1162
1205,professor,603
1206,former,1481
1207,heavy,433
1208,others,1295
1209,they,1933
1210,pattern,1361
1211,effect,1960
1212,perhaps,208
1213,set,1856
1214,site,614
1215,suffer,187
1216,sea,1389
1217,tough,1305
1218,last,1838
1219,everything,713
1220,enjoy,488
1221,hospital,1088
1222,number,746
1223,short,1938
1224,serious,979
1225,easy,1564
1226,strong,1448
1227,board,1569
1228,as,1330
1229,actually,96
1230,follow,1903
1231,agent,1216
1232,court,755
1233,fight,289
1234,analysis,1432
1235,lose,1761
1236,loss,938
1237,else,346
1238,administration,840
1239,mission,886
1240,relate,556
1241,message,886
1242,summer,1651
1243,series,1809
1244,policy,612
1245,stand,744
1246,future,1721
1247,discover,1714
1248,rock,164
1249,also,174
1250,new,1403
1251,yet,1259
1252,heart,625
1253,right,589
1254,shoulder,1018
1255,clearly,649
1256,statement,772
1257,huge,381
1258,for,396
1259,start,1913
1260,heavy,1978
1261,should,1334
1262,good,1158
1263,often,1884
1264,senior,1174
1265,majority,1955
1266,now,1801
1267,test,656
1268,service,651
1269,southern,646
1270,meet,1381
1271,account,1245
1272,door,525
1273,like,1635
1274,kind,1943
1275,away,328
1276,either,1366
1277,top,1564
1278,station,1527
1279,heavy,759
1280,such,1626
1281,indeed,1393
1282,hair,20
1283,system,1682
1284,power,627
1285,raise,1646
1286,near,516
1287,court,1936
1288,stage,665
1289,reach,433
1290,explain,254
1291,believe,1382
1292,air,665
1293,who,1666
1294,five,251
1295,for,1196
1296,party,1314
1297,perhaps,273
1298,his,1577
1299,wear,957
1300,city,675
1301,realize,189
1302,health,217
1303,control,743
1304,join,1360
1305,cause,751
1306,suffer,140
1307,direction,1289
1308,type,1359
1309,himself,1836
1310,its,1901
1311,religious,536
1312,situation,598
1313,remain,1999
1314,talk,257
1315,where,577
1316,plant,173
1317,week,1585
1318,born,604
1319,pretty,82
1320,significant,949
1321,finish,641
1322,guy,1469
1323,be,1676
1324,piece,1138
1325,tree,343
1326,improve,1750
1327,increase,174
1328,few,1279
1329,officer,1714
1330,federal,961
1331,own,1042
1332,walk,1739
1333,entire,1004
1334,by,1580
1335,argue,921
1336,along,1555
1337,box,1381
1338,spring,1392
1339,spend,1775
1340,without,1037
1341,loss,1223
1342,bit,378
1343,practice,903
1344,community,94
1345,couple,1522
1346,start,955
1347,to,1034
1348,house,33
1349,themselves,1326
1350,purpose,500
1351,ask,878
1352,institution,1061
1353,ground,33
1354,tough,798
1355,machine,828
1356,between,861
1357,ask,1906
1358,memory,58
1359,idea,841
1360,enough,1281
1361,argue,257
1362,simply,1114
1363,fish,1785
1364,future,832
1365,including,7
1366,Mrs,389
1367,certainly,168
1368,message,908
1369,example,167
1370,fund,621
1371,window,510
1372,site,628
1373,could,1838
1374,place,1260
1375,card,1419
1376,accept,1118
1377,day,483
1378,region,1529
1379,world,463
1380,design,1322
1381,near,1336
1382,term,564
1383,exist,260
1384,radio,832
1385,picture,166
1386,government,650
1387,explain,277
1388,really,1052
1389,rise,1505
1390,attorney,965
1391,according,1505
1392,here,1282
1393,race,590
1394,long,142
1395,analysis,1542
1396,black,613
1397,them,156
1398,model,1861
1399,practice,782
1400,natural,256
1401,suggest,1465
1402,start,782
1403,so,1648
1404,item,1536
1405,real,310
1406,include,413
1407,chance,400
1408,card,1344
1409,idea,1202
1410,population,1368
1411,special,692
1412,everybody,1855
1413,anyone,1550
1414,either,397
1415,speech,420
1416,point,369
1417,step,1394
1418,old,551
1419,raise,1455
1420,officer,1254
1421,book,785
1422,southern,1980
1423,police,110
1424,car,1819
1425,coach,802
1426,experience,1741
1427,including,813
1428,themselves,957
1429,range,1629
1430,put,1139
1431,small,325
1432,run,1276
1433,oil,704
1434,back,1099
1435,be,510
1436,team,1747
1437,it,149
1438,much,667
1439,group,396
1440,cultural,446
1441,however,731
1442,factor,499
1443,hand,678
1444,because,1429
1445,option,1108
1446,blood,648
1447,opportunity,737
1448,agent,276
1449,individual,1852
1450,couple,1916
1451,see,1104
1452,traditional,708
1453,board,69
1454,vote,1139
1455,bank,785
1456,job,1958
1457,structure,1467
1458,protect,1518
1459,blue,1740
1460,best,1286
1461,paper,1291
1462,eye,661
1463,step,1195
1464,test,1296
1465,tax,234
1466,necessary,183
1467,operation,1587
1468,couple,987
1469,hold,579
1470,almost,1792
1471,black,1481
1472,police,222
1473,despite,637
1474,when,1742
1475,action,67
1476,around,1869
1477,role,258
1478,upon,727
1479,far,332
1480,say,903
1481,use,1285
1482,word,1687
1483,project,949
1484,prepare,498
1485,play,1478
1486,Republican,870
1487,five,1585
1488,rest,1779
1489,continue,375
1490,money,938
1491,reveal,44
1492,state,814
1493,management,1983
1494,surface,1931
1495,kind,671
1496,girl,1392
1497,go,1600
1498,thus,437
1499,season,1357
1500,paper,837
1501,food,269
1502,account,1752
1503,majority,68
1504,election,346
1505,face,1731
1506,land,1355
1507,worker,18
1508,ever,246
1509,cell,1008
1510,address,1856
1511,worker,1663
1512,teach,1606
1513,make,1404
1514,democratic,1576
1515,stand,749
1516,travel,1075
1517,win,384
1518,event,1260
1519,environmental,589
1520,fund,419
1521,arrive,353
1522,early,55
1523,degree,669
1524,story,887
1525,network,1382
1526,up,682
1527,pay,37
1528,matter,1294
1529,test,792
1530,of,957
1531,entire,1627
1532,attorney,390
1533,a,159
1534,cold,191
1535,seat,1739
1536,majority,998
1537,myself,855
1538,form,1207
1539,different,1951
1540,describe,171
1541,house,967
1542,eight,1005
1543,heavy,1847
1544,dog,1215
1545,thing,1598
1546,guess,477
1547,Republican,1864
1548,way,117
1549,build,569
1550,president,892
1551,catch,1905
1552,summer,734
1553,product,195
1554,defense,1036
1555,off,1606
1556,add,875
1557,account,1181
1558,show,546
1559,our,935
1560,need,236
1561,rich,1120
1562,world,1990
1563,right,1193
1564,focus,1258
1565,career,899
1566,point,1555
1567,believe,1646
1568,education,1455
1569,major,1937
1570,trip,1283
1571,red,1775
1572,base,698
1573,them,153
1574,fill,751
1575,current,1669
1576,energy,1274
1577,hot,1487
1578,available,593
1579,husband,40
1580,center,204
1581,sea,1563
1582,suddenly,1795
1583,include,702
1584,a,1194
1585,budget,1630
1586,great,1757
1587,month,1723
1588,once,1839
1589,charge,912
1590,tend,1421
1591,issue,1063
1592,remember,1349
1593,watch,172
1594,find,1234
1595,speech,315
1596,center,366
1597,enjoy,1340
1598,trial,1188
1599,year,1657
1600,number,197
1601,raise,1522
1602,walk,198
1603,window,1705
1604,cell,1395
1605,mission,388
1606,worker,422
1607,maintain,202
1608,marriage,1372
1609,themselves,1003
1610,couple,461
1611,able,1121
1612,happy,1839
1613,also,1205
1614,serious,1449
1615,scene,1951
1616,camera,414
1617,too,921
1618,probably,816
1619,start,660
1620,although,1161
1621,join,179
1622,rule,1350
1623,prepare,96
1624,natural,241
1625,light,948
1626,some,424
1627,memory,545
1628,defense,1982
1629,lead,1688
1630,usually,438
1631,large,134
1632,century,1782
1633,become,1076
1634,wall,935
1635,process,1785
1636,speech,1834
1637,energy,1276
1638,follow,740
1639,soon,1648
1640,by,1654
1641,heart,788
1642,generation,1572
1643,address,750
1644,need,1429
1645,animal,1523
1646,enter,252
1647,player,114
1648,born,631
1649,reality,932
1650,card,1619
1651,just,1104
1652,help,170
1653,foreign,1701
1654,trip,1211
1655,customer,531
1656,condition,1200
1657,instead,128
1658,center,666
1659,seat,1548
1660,front,208
1661,right,1792
1662,type,900
1663,doctor,1421
1664,south,1339
1665,hundred,1441
1666,turn,1279
1667,something,1461
1668,prepare,1581
1669,radio,1534
1670,trial,1345
1671,then,725
1672,least,807
1673,animal,1243
1674,experience,1545
1675,understand,1529
1676,whole,267
1677,audience,488
1678,manager,1906
1679,should,1514
1680,yeah,672
1681,decide,1336
1682,enter,495
1683,reason,1024
1684,call,1786
1685,get,1252
1686,president,939
1687,once,16
1688,great,1750
1689,give,790
1690,direction,1397
1691,last,819
1692,evening,420
1693,dinner,586
1694,person,1128
1695,I,1284
1696,reveal,454
1697,third,1253
1698,weight,1274
1699,cold,1749
1700,who,408
1701,idea,879
1702,strategy,567
1703,former,973
1704,much,1865
1705,expect,980
1706,police,1962
1707,student,1329
1708,let,1093
1709,yeah,628
1710,five,314
1711,discussion,1469
1712,personal,1902
1713,test,38
1714,process,308
1715,four,898
1716,support,1946
1717,choice,90
1718,card,797
1719,political,1551
1720,camera,942
1721,professor,185
1722,specific,1647
1723,red,1446
1724,decade,989
1725,factor,1779
1726,finally,922
1727,religious,1024
1728,American,1932
1729,treatment,878
1730,success,1541
1731,try,424
1732,plant,784
1733,lot,294
1734,reach,1353
1735,finish,1676
1736,thus,501
1737,ground,1539
1738,late,1845
1739,address,142
1740,let,496
1741,human,807
1742,however,348
1743,discussion,217
1744,magazine,854
1745,attorney,163
1746,cost,264
1747,somebody,565
1748,accept,1961
1749,large,1446
1750,key,1067
1751,professor,1432
1752,unit,1291
1753,tough,1704
1754,so,1535
1755,why,103
1756,truth,1058
1757,above,977
1758,tell,1599
1759,size,1454
1760,weight,674
1761,risk,252
1762,cell,705
1763,house,992
1764,both,1208
1765,room,1794
1766,education,967
1767,notice,1714
1768,front,1732
1769,behind,1952
1770,green,76
1771,able,372
1772,create,1210
1773,sound,1068
1774,itself,310
1775,anything,373
1776,call,687
1777,partner,1647
1778,represent,1102
1779,baby,1262
1780,far,1829
1781,explain,936
1782,class,910
1783,different,1638
1784,generation,1417
1785,state,87
1786,project,21
1787,among,299
1788,final,1879
1789,ahead,607
1790,number,164
1791,manager,837
1792,lead,1212
1793,finally,429
1794,matter,1954
1795,guy,1293
1796,collection,704
1797,consider,186
1798,control,977
1799,many,1359
1800,card,234
1801,finally,504
1802,always,241
1803,office,1432
1804,provide,1542
1805,north,791
1806,artist,522
1807,piece,1173
1808,us,1784
1809,speak,1925
1810,value,55
1811,eight,234
1812,catch,1790
1813,play,1343
1814,think,1154
1815,camera,1726
1816,free,25
1817,back,957
1818,learn,105
1819,back,1428
1820,like,209
1821,factor,795
1822,turn,1373
1823,eat,1250
1824,consider,68
1825,least,463
1826,much,345
1827,cover,755
1828,require,19
1829,rather,1560
1830,rock,352
1831,strong,853
1832,owner,35
1833,little,1324
1834,hear,306
1835,heavy,104
1836,item,1051
1837,others,625
1838,page,379
1839,particular,879
1840,affect,1987
1841,interest,727
1842,crime,640
1843,action,1202
1844,first,217
1845,thought,546
1846,but,812
1847,head,310
1848,choose,1753
1849,actually,1869
1850,short,730
1851,show,242
1852,kitchen,802
1853,quality,418
1854,music,1411
1855,dream,1455
1856,lead,758
1857,dinner,299
1858,peace,461
1859,work,117
1860,cause,1252
1861,help,411
1862,great,1758
1863,able,1004
1864,mission,373
1865,compare,762
1866,newspaper,1539
1867,several,1442
1868,far,1172
1869,because,1633
1870,then,1202
1871,tax,25
1872,trouble,198
1873,cut,1171
1874,piece,164
1875,baby,1106
1876,car,1828
1877,end,312
1878,they,276
1879,true,856
1880,throw,245
1881,drive,1923
1882,manager,1881
1883,cup,668
1884,television,393
1885,mention,1405
1886,data,503
1887,service,1234
1888,sort,484
1889,part,468
1890,cover,479
1891,into,647
1892,speak,903
1893,well,778
1894,what,460
1895,great,899
1896,run,1667
1897,generation,771
1898,half,448
1899,threat,1302
1900,theory,1999
1901,like,1069
1902,risk,454
1903,support,1988
1904,allow,295
1905,push,675
1906,each,1958
1907,model,1971
1908,what,833
1909,thing,1851
1910,life,1487
1911,sport,1342
1912,ask,1973
1913,group,1443
1914,away,1122
1915,theory,230
1916,fine,1253
1917,hair,40
1918,couple,1731
1919,fill,1138
1920,worker,821
1921,without,532
1922,ever,1091
1923,beyond,497
1924,top,1632
1925,skill,1673
1926,truth,704
1927,spend,329
1928,action,1339
1929,art,1226
1930,quite,409
1931,national,1318
1932,together,1112
1933,agree,1362
1934,character,543
1935,method,1986
1936,near,1788
1937,sea,56
1938,development,1951
1939,network,1659
1940,so,1441
1941,at,1070
1942,them,360
1943,improve,243
1944,what,365
1945,decide,437
1946,sense,770
1947,foreign,667
1948,last,606
1949,space,1529
1950,may,968
1951,keep,1540
1952,organization,1206
1953,suggest,305
1954,week,568
1955,game,1538
1956,student,240
1957,simple,300
1958,there,1267
1959,actually,205
1960,land,160
1961,sign,561
1962,remain,529
1963,police,274
1964,up,810
1965,act,732
1966,begin,1166
1967,far,1096
1968,soldier,197
1969,wind,15
1970,his,1779
1971,tax,1780
1972,address,967
1973,deep,1922
1974,else,1086
1975,force,85
1976,travel,69
1977,building,1544
1978,everyone,321
1979,marriage,517
1980,term,1420
1981,ten,1012
1982,begin,1283
1983,candidate,1322
1984,draw,399
1985,no,449
1986,can,1988
1987,institution,685
1988,Democrat,1536
1989,guy,877
1990,sit,2
1991,worker,1918
1992,adult,1824
1993,bar,1505
1994,commercial,384
1995,heavy,1518
1996,under,1547
1997,within,141
1998,step,363
1999,the,562
2000,act,1305
2001,letter,1923
2002,population,499
2003,skill,362
2004,whatever,68
2005,cause,1302
2006,choose,1129
2007,movement,1667
2008,individual,96
2009,media,701
2010,born,1624
2011,product,1118
2012,task,415
2013,indicate,1620
2014,pass,702
2015,it,1228
2016,get,1478
2017,behind,969
2018,beat,1331
2019,test,1512
2020,rise,284
2021,across,439
2022,no,936
2023,attention,1644
2024,PM,1392
2025,good,1183
2026,party,1353
2027,sometimes,299
2028,listen,766
2029,thought,607
2030,treat,1558
2031,exactly,1348
2032,effect,1445
2033,act,595
2034,return,1659
2035,onto,926
2036,group,16
2037,while,763
2038,successful,1071
2039,wind,399
2040,poor,1951
2041,exist,1274
2042,ten,645
2043,here,810
2044,main,1056
2045,unit,1251
2046,TV,1589
2047,ready,1842
2048,there,949
2049,rock,1667
2050,clear,384
2051,send,1001
2052,decade,1909
2053,ground,1741
2054,hand,265
2055,why,527
2056,building,434
2057,design,443
2058,help,1323
2059,admit,220
2060,read,1425
2061,unit,724
2062,find,63
2063,mission,1570
2064,form,1717
2065,contain,1659
2066,turn,1149
2067,base,1526
2068,be,956
2069,worry,1498
2070,unit,234
2071,suggest,1190
2072,head,513
2073,manager,28
2074,catch,420
2075,view,683
2076,different,406
2077,son,1463
2078,senior,1689
2079,away,297
2080,radio,1382
2081,concern,1977
2082,tough,1518
2083,behavior,1222
2084,manager,1706
2085,second,240
2086,radio,386
2087,offer,477
2088,pull,888
2089,best,789
2090,act,1332
2091,fish,1247
2092,to,766
2093,against,721
2094,send,1164
2095,various,167
2096,upon,1542
2097,above,1582
2098,produce,919
2099,yet,1626
2100,strategy,452
2101,dark,1599
2102,method,1561
2103,wife,1339
2104,west,794
2105,identify,113
2106,yard,1161
2107,recent,281
2108,game,56
2109,difference,156
2110,show,1860
2111,know,769
2112,represent,1154
2113,magazine,1837
2114,simple,761
2115,sign,552
2116,particular,129
2117,message,504
2118,check,49
2119,color,872
2120,finally,390
2121,husband,578
2122,business,1385
2123,role,1973
2124,surface,1008
2125,friend,1175
2126,customer,1902
2127,style,560
2128,a,1457
2129,guy,317
2130,if,1630
2131,experience,1007
2132,leg,1709
2133,small,853
2134,air,546
2135,hard,592
2136,truth,703
2137,rich,1366
2138,expect,937
2139,project,1038
2140,stay,236
2141,maybe,351
2142,article,1283
2143,operation,1032
2144,push,705
2145,indeed,256
2146,cover,1858
2147,best,618
2148,by,206
2149,news,1941
2150,traditional,1279
2151,painting,999
2152,power,685
2153,born,691
2154,left,388
2155,war,674
2156,sense,1990
2157,yourself,1241
2158,century,1428
2159,age,265
2160,system,1727
2161,white,362
2162,usually,1954
2163,instead,547
2164,forward,1184
2165,their,1240
2166,policy,442
2167,mouth,1019
2168,as,42
2169,well,910
2170,best,286
2171,note,1544
2172,service,1842
2173,car,1613
2174,guess,1979
2175,positive,1283
2176,economy,573
2177,reality,852
2178,while,1700
2179,care,1675
2180,hear,1060
2181,night,1695
2182,somebody,334
2183,machine,937
2184,evidence,1981
2185,across,1769
2186,challenge,975
2187,fine,259
2188,road,37
2189,everything,1945
2190,doctor,1549
2191,since,52
2192,their,1269
2193,suddenly,128
2194,read,76
2195,particular,1095
2196,wide,89
2197,campaign,107
2198,class,307
2199,hour,164
2200,crime,669
2201,staff,221
2202,let,1741
2203,surface,301
2204,image,412
2205,Democrat,1473
2206,matter,794
2207,anyone,230
2208,commercial,911
2209,leader,111
2210,agent,1186
2211,medical,1594
2212,above,350
2213,large,319
2214,alone,1479
2215,tell,1166
2216,agreement,882
2217,station,239
2218,any,1546
2219,myself,281
2220,attention,675
2221,upon,1084
2222,level,1709
2223,fund,1167
2224,pick,1569
2225,analysis,1949
2226,budget,814
2227,watch,370
2228,with,198
2229,maybe,742
2230,study,885
2231,nice,1808
2232,newspaper,1833
2233,tell,1588
2234,week,1861
2235,create,816
2236,politics,1581
2237,page,972
2238,away,1289
2239,until,158
2240,condition,1748
2241,they,409
2242,condition,665
2243,attorney,986
2244,response,629
2245,six,1677
2246,economy,1795
2247,side,1110
2248,because,1406
2249,worry,981
2250,leader,1138
2251,plan,1829
2252,food,396
2253,talk,1199
2254,always,104
2255,firm,1659
2256,water,1777
2257,fund,1524
2258,wide,501
2259,consider,399
2260,of,1887
2261,most,518
2262,page,889
2263,doctor,1705
2264,clear,1378
2265,film,1505
2266,but,154
2267,sport,1636
2268,bring,880
2269,audience,1146
2270,of,440
2271,begin,1483
2272,move,1535
2273,store,547
2274,simply,1892
2275,language,1825
2276,stay,1476
2277,as,1180
2278,trial,106
2279,evening,330
2280,page,1851
2281,gas,1456
2282,specific,1471
2283,talk,663
2284,together,847
2285,none,99
2286,maintain,1321
2287,generation,1160
2288,before,598
2289,thought,105
2290,debate,1516
2291,tree,1170
2292,party,74
2293,quickly,1335
2294,school,214
2295,prepare,1557
2296,thank,963
2297,media,524
2298,quality,763
2299,social,1275
2300,wear,1189
2301,service,875
2302,attorney,1538
2303,cultural,724
2304,new,353
2305,building,1837
2306,guess,1918
2307,leader,1307
2308,accept,1083
2309,weight,1511
2310,news,386
2311,yes,1237
2312,author,1799
2313,cup,1504
2314,father,889
2315,finally,925
2316,front,1551
2317,sense,1798
2318,message,1012
2319,medical,658
2320,main,1704
2321,create,1950
2322,national,40
2323,chair,1462
2324,low,1525
2325,miss,1401
2326,edge,1612
2327,anything,703
2328,while,1058
2329,dog,1078
2330,of,519
2331,choose,1594
2332,which,1943
2333,baby,676
2334,technology,316
2335,information,1192
2336,reach,1245
2337,break,110
2338,light,974
2339,class,29
2340,political,505
2341,use,1028
2342,already,597
2343,with,1636
2344,represent,1299
2345,wife,1728
2346,produce,1411
2347,office,1978
2348,name,1236
2349,tough,1149
2350,ask,386
2351,turn,330
2352,rate,628
2353,east,1179
2354,rich,1783
2355,of,1395
2356,social,914
2357,respond,1418
2358,case,925
2359,single,1985
2360,physical,1785
2361,owner,1857
2362,theory,867
2363,answer,1464
2364,believe,1821
2365,reach,719
2366,less,145
2367,sea,971
2368,choice,964
2369,dinner,279
2370,course,1847
2371,this,207
2372,avoid,1601
2373,heart,1341
2374,him,1395
2375,consider,835
2376,class,790
2377,ago,1865
2378,radio,1252
2379,explain,1000
2380,real,914
2381,painting,1102
2382,agree,838
2383,under,567
2384,suffer,1196
2385,director,1894
2386,anyone,1504
2387,seven,1658
2388,across,660
2389,future,1112
2390,five,333
2391,modern,757
2392,ahead,37
2393,down,430
2394,remain,1637
2395,do,1691
2396,performance,18
2397,share,1369
2398,skin,1539
2399,system,1993
2400,Democrat,917
2401,anyone,1130
2402,method,119
2403,talk,68
2404,left,1577
2405,final,36
2406,clear,1035
2407,common,507
2408,history,1234
2409,media,667
2410,my,688
2411,vote,606
2412,teach,1993
2413,picture,1752
2414,born,149
2415,foot,463
2416,exist,1449
2417,report,119
2418,guy,694
2419,keep,208
2420,task,1179
2421,remember,1070
2422,enjoy,1739
2423,subject,32
2424,radio,1104
2425,seek,1475
2426,culture,176
2427,care,1742
2428,figure,22
2429,like,1149
2430,me,1387
2431,risk,730
2432,high,1312
2433,Congress,1194
2434,maintain,1906
2435,its,245
2436,truth,241
2437,computer,267
2438,around,1719
2439,war,1506
2440,whole,1004
2441,really,143
2442,I,440
2443,approach,1524
2444,cold,658
2445,discussion,1357
2446,through,200
2447,could,1049
2448,point,1826
2449,where,1339
2450,him,1322
2451,first,1698
2452,sport,1873
2453,within,81
2454,forward,1082
2455,husband,1234
2456,thank,597
2457,cost,1703
2458,they,1993
2459,person,553
2460,drug,90
2461,agency,505
2462,pay,302
2463,fly,404
2464,compare,517
2465,consumer,1820
2466,add,1573
2467,member,150
2468,weight,1251
2469,traditional,38
2470,conference,1720
2471,recognize,1968
2472,employee,1709
2473,first,504
2474,open,1227
2475,go,238
2476,rise,1143
2477,program,442
2478,left,588
2479,stop,1394
2480,share,1279
2481,administration,1557
2482,product,1093
2483,from,790
2484,environmental,487
2485,inside,113
2486,lawyer,1280
2487,relationship,1440
2488,increase,50
2489,hit,1415
2490,seat,1791
2491,apply,1477
2492,require,368
2493,market,1675
2494,put,857
2495,style,348
2496,trip,641
2497,cup,121
2498,office,1340
2499,minute,418
2500,blood,667
2501,hundred,324
2502,son,1919
2503,technology,358
2504,reality,42
2505,policy,1502
2506,page,1028
2507,campaign,1116
2508,special,345
2509,position,1219
2510,deep,615
2511,sister,221
2512,director,538
2513,child,68
2514,happen,116
2515,by,5
2516,admit,1061
2517,prepare,268
2518,easy,1725
2519,anyone,1670
2520,defense,1087
2521,concern,1719
2522,case,1478
2523,apply,1121
2524,hard,1296
2525,prepare,1676
2526,small,1509
2527,structure,1449
2528,create,503
2529,real,1165
2530,dinner,889
2531,image,997
2532,edge,1327
2533,look,1026
2534,Democrat,1050
2535,adult,458
2536,wonder,1980
2537,money,215
2538,follow,1186
2539,sit,432
2540,wife,689
2541,top,1754
2542,still,1878
2543,institution,1495
2544,middle,933
2545,manager,255
2546,college,712
2547,account,1298
2548,open,273
2549,myself,1897
2550,have,1551
2551,form,1364
2552,position,9
2553,country,239
2554,stuff,1109
2555,establish,487
2556,evidence,630
2557,this,614
2558,study,413
2559,professional,1019
2560,born,1607
2561,kind,804
2562,card,1926
2563,total,1031
2564,month,58
2565,teach,1146
2566,quite,941
2567,whatever,1669
2568,second,1820
2569,million,374
2570,air,359
2571,town,238
2572,it,1401
2573,guess,1544
2574,always,1849
2575,term,1101
2576,part,491
2577,room,987
2578,indicate,1924
2579,social,1862
2580,season,1468
2581,ever,1317
2582,paper,1551
2583,parent,872
2584,hand,1029
2585,pattern,738
2586,guess,1861
2587,family,1060
2588,program,1463
2589,only,699
2590,good,1589
2591,make,1940
2592,senior,239
2593,every,916
2594,through,1037
2595,know,1811
2596,necessary,630
2597,detail,553
2598,take,735
2599,either,1354
2600,participant,287
2601,work,901
2602,significant,1913
2603,bad,1589
2604,current,1708
2605,say,71
2606,skin,1730
2607,natural,1376
2608,design,1736
2609,goal,442
2610,anyone,990
2611,simple,455
2612,who,960
2613,she,1603
2614,face,1950
2615,film,720
2616,artist,1399
2617,bed,650
2618,clear,435
2619,guess,1130
2620,eight,509
2621,similar,1835
2622,tonight,1610
2623,prepare,124
2624,effort,520
2625,citizen,373
2626,edge,1703
2627,day,246
2628,guy,784
2629,ability,656
2630,situation,1307
2631,development,1103
2632,ok,1511
2633,fish,278
2634,Democrat,889
2635,sell,322
2636,organization,1784
2637,final,421
2638,party,1485
2639,sing,1461
2640,as,1729
2641,along,211
2642,still,1527
2643,benefit,68
2644,real,1793
2645,smile,1056
2646,others,1890
2647,road,1490
2648,current,1082
2649,leave,1072
2650,of,1318
2651,study,872
2652,now,258
2653,apply,962
2654,structure,1875
2655,forward,911
2656,six,1486
2657,under,1623
2658,together,900
2659,interest,300
2660,feel,1417
2661,send,886
2662,right,1791
2663,attention,624
2664,wait,1858
2665,range,1273
2666,throughout,1014
2667,media,1317
2668,late,1815
2669,manage,1634
2670,offer,1971
2671,bar,1332
2672,sister,1628
2673,accept,307
2674,arrive,1353
2675,course,1026
2676,draw,1407
2677,head,1586
2678,bag,927
2679,share,477
2680,attention,1864
2681,financial,793
2682,national,1529
2683,scientist,1435
2684,or,1607
2685,government,1176
2686,trouble,1041
2687,tell,1190
2688,foreign,1492
2689,look,532
2690,final,1491
2691,center,1265
2692,state,912
2693,deal,616
2694,area,825
2695,bill,1452
2696,eat,1462
2697,general,315
2698,someone,1109
2699,network,507
2700,me,483
2701,approach,617
2702,part,840
2703,maintain,1469
2704,section,1289
2705,technology,714
2706,much,1458
2707,great,1517
2708,item,1550
2709,difficult,1949
2710,political,1248
2711,service,753
2712,reflect,1469
2713,ever,1835
2714,especially,729
2715,reflect,610
2716,half,1969
2717,middle,1691
2718,board,943
2719,environment,272
2720,range,1302
2721,difference,208
2722,chance,1984
2723,take,410
2724,me,1071
2725,sense,1659
2726,detail,1427
2727,blue,330
2728,three,1076
2729,thus,1052
2730,most,1769
2731,might,1356
2732,bad,1943
2733,exist,536
2734,ask,1160
2735,food,605
2736,little,1105
2737,these,681
2738,ok,1058
2739,since,868
2740,away,1716
2741,audience,238
2742,answer,157
2743,blue,1442
2744,own,529
2745,cold,1396
2746,million,505
2747,true,250
2748,room,727
2749,education,609
2750,lead,696
2751,dog,1663
2752,throw,1208
2753,quality,611
2754,role,76
2755,issue,1218
2756,within,304
2757,happy,1117
2758,such,223
2759,prevent,1479
2760,simple,880
2761,store,1434
2762,when,1403
2763,table,943
2764,series,1895
2765,laugh,1914
2766,behind,238
2767,I,863
2768,turn,1722
2769,hundred,1215
2770,feel,934
2771,seem,1235
2772,door,1207
2773,environment,449
2774,near,839
2775,meet,495
2776,discover,1811
2777,and,7
2778,political,288
2779,try,822
2780,collection,495
2781,apply,1215
2782,activity,248
2783,avoid,1489
2784,source,1855
2785,hundred,2
2786,capital,306
2787,door,43
2788,scene,157
2789,television,594
2790,single,1653
2791,arm,1530
2792,college,1050
2793,read,1952
2794,allow,858
2795,company,1441
2796,bring,1831
2797,available,1515
2798,many,61
2799,interview,285
2800,summer,1472
2801,always,721
2802,prevent,626
2803,quality,1904
2804,office,409
2805,public,300
2806,thank,1278
2807,wind,1895
2808,argue,936
2809,wrong,1475
2810,audience,810
2811,drug,108
2812,sell,1089
2813,know,1040
2814,check,514
2815,behavior,1635
2816,officer,1808
2817,alone,1307
2818,action,317
2819,control,448
2820,it,457
2821,that,1116
2822,start,767
2823,many,1185
2824,growth,1284
2825,ability,479
2826,memory,1699
2827,research,1145
2828,recently,959
2829,trouble,997
2830,home,64
2831,high,1567
2832,commercial,1455
2833,able,1909
2834,appear,850
2835,heavy,821
2836,bad,472
2837,western,1077
2838,hold,137
2839,program,64
2840,name,1941
2841,whose,1385
2842,foreign,742
2843,police,745
2844,seem,1356
2845,quickly,1099
2846,cut,1987
2847,source,629
2848,physical,1064
2849,growth,292
2850,return,1752
2851,drug,1774
2852,hot,1566
2853,maintain,1166
2854,necessary,1257
2855,themselves,1990
2856,letter,1761
2857,talk,351
2858,like,523
2859,white,306
2860,audience,1026
2861,lay,999
2862,lead,1363
2863,interesting,1946
2864,pretty,219
2865,happen,663
2866,sit,1164
2867,live,1122
2868,than,113
2869,on,250
2870,paper,1055
2871,near,407
2872,voice,700
2873,out,1658
2874,turn,1146
2875,myself,1246
2876,heavy,1369
2877,car,137
2878,marriage,1117
2879,we,1705
2880,nice,15
2881,responsibility,1163
2882,change,371
2883,general,1869
2884,ago,1151
2885,subject,1888
2886,key,1625
2887,dark,1540
2888,will,284
2889,main,1277
2890,in,839
2891,care,241
2892,great,241
2893,happen,1133
2894,two,1568
2895,physical,675
2896,budget,763
2897,music,775
2898,wide,26
2899,pretty,1728
2900,spring,135
2901,clear,376
2902,responsibility,1059
2903,upon,1441
2904,away,156
2905,seat,1998
2906,appear,933
2907,ever,554
2908,up,643
2909,miss,608
2910,type,1868
2911,occur,757
2912,above,1823
2913,front,394
2914,first,341
2915,there,1497
2916,listen,1678
2917,make,1423
2918,tell,293
2919,medical,360
2920,explain,629
2921,keep,1069
2922,fight,1319
2923,behavior,548
2924,view,818
2925,clearly,797
2926,guess,114
2927,list,1591
2928,trip,1987
2929,open,657
2930,phone,1770
2931,west,1043
2932,detail,1605
2933,region,945
2934,of,476
2935,always,807
2936,create,495
2937,less,51
2938,should,1087
2939,local,1066
2940,series,85
2941,hit,288
2942,white,1521
2943,particular,241
2944,business,261
2945,none,1891
2946,popular,1419
2947,beautiful,1456
2948,spend,4
2949,various,1114
2950,allow,1245
2951,little,1283
2952,more,613
2953,two,385
2954,southern,963
2955,decade,1927
2956,manage,1662
2957,raise,21
2958,town,273
2959,see,1279
2960,reality,1705
2961,economic,1906
2962,oil,1554
2963,wish,1012
2964,oil,1412
2965,after,1270
2966,campaign,373
2967,step,1352
2968,individual,362
2969,yet,1184
2970,factor,1816
2971,degree,466
2972,put,573
2973,into,15
2974,argue,401
2975,style,1020
2976,senior,1884
2977,fear,1630
2978,adult,974
2979,sort,1033
2980,arrive,1132
2981,include,1792
2982,rise,686
2983,possible,400
2984,mother,376
2985,similar,1336
2986,participant,455
2987,any,868
2988,affect,1625
2989,culture,235
2990,toward,735
2991,risk,480
2992,argue,1104
2993,then,1786
2994,catch,1729
2995,check,420
2996,generation,322
2997,beat,350
2998,grow,226
2999,win,100
3000,air,729
3001,discover,307
3002,be,1938
3003,score,1388
3004,rest,897
3005,usually,660
3006,live,1664
3007,child,1125
3008,friend,562
3009,especially,1382
3010,suddenly,756
3011,various,73
3012,throughout,1107
3013,accept,658
3014,over,6
3015,local,1043
3016,population,1134
3017,popular,1797
3018,run,1613
3019,ball,1016
3020,power,1280
3021,where,1733
3022,save,789
3023,style,370
3024,billion,1785
3025,baby,1913
3026,most,1215
3027,little,1029
3028,past,1160
3029,detail,847
3030,big,334
3031,most,1855
3032,expert,1850
3033,kitchen,727
3034,appear,1759
3035,course,1658
3036,able,596
3037,land,1816
3038,goal,912
3039,week,1137
3040,candidate,659
3041,catch,392
3042,road,727
3043,effect,538
3044,each,1057
3045,new,636
3046,recent,413
3047,interview,1089
3048,century,656
3049,strategy,1216
3050,argue,607
3051,plan,1224
3052,decision,1394
3053,free,18
3054,various,1197
3055,the,479
3056,yourself,1045
3057,former,581
3058,source,66
3059,road,46
3060,very,1085
3061,many,1102
3062,whole,1512
3063,prevent,1247
3064,well,1325
3065,agent,1657
3066,option,635
3067,create,975
3068,crime,1034
3069,reduce,473
3070,such,1600
3071,fish,1578
3072,say,1228
3073,born,1184
3074,step,1714
3075,owner,488
3076,throughout,108
3077,college,1956
3078,set,757
3079,book,1486
3080,partner,778
3081,receive,1428
3082,federal,1563
3083,world,941
3084,board,1363
3085,amount,1280
3086,majority,917
3087,laugh,1085
3088,history,1541
3089,small,331
3090,person,171
3091,class,26
3092,myself,1584
3093,two,1070
3094,they,917
3095,mean,1430
3096,artist,1064
3097,year,975
3098,mean,695
3099,why,1815
3100,and,1934
3101,tend,182
3102,push,1138
3103,modern,728
3104,remember,1940
3105,moment,293
3106,party,342
3107,institution,1563
3108,long,1316
3109,floor,1271
3110,who,1163
3111,health,1351
3112,allow,1607
3113,half,1483
3114,safe,371
3115,law,969
3116,social,1789
3117,often,1548
3118,week,1708
3119,star,138
3120,view,1244
3121,chance,1906
3122,remember,25
3123,help,915
3124,interview,360
3125,four,163
3126,participant,92
3127,despite,200
3128,necessary,1546
3129,issue,932
3130,place,1433
3131,partner,705
3132,run,1902
3133,product,1596
3134,score,613
3135,travel,1094
3136,safe,1841
3137,across,1886
3138,reality,136
3139,language,626
3140,play,753
3141,second,683
3142,seem,1988
3143,process,431
3144,customer,681
3145,art,1222
3146,traditional,1125
3147,find,576
3148,through,1431
3149,this,414
3150,human,870
3151,response,1313
3152,hold,1670
3153,make,1636
3154,wear,706
3155,prepare,1465
3156,peace,1117
3157,care,1569
3158,require,1782
3159,throughout,134
3160,instead,405
3161,leave,810
3162,quickly,1449
3163,difficult,1646
3164,follow,1141
3165,event,499
3166,position,1262
3167,authority,1247
3168,however,232
3169,on,601
3170,leg,1499
3171,beat,1406
3172,some,474
3173,station,1351
3174,hospital,424
3175,look,433
3176,citizen,1593
3177,imagine,597
3178,reality,961
3179,process,1730
3180,over,7
3181,enter,1190
3182,place,1746
3183,understand,1828
3184,trip,1526
3185,agency,1520
3186,next,173
3187,require,799
3188,age,1572
3189,one,1732
3190,gas,945
3191,wide,681
3192,right,1009
3193,who,489
3194,role,571
3195,song,1015
3196,do,460
3197,sound,1664
3198,from,643
3199,discuss,1614
3200,outside,1241
3201,agency,1753
3202,guess,1950
3203,arm,321
3204,Democrat,1545
3205,grow,1925
3206,technology,1080
3207,move,1537
3208,class,1982
3209,wife,398
3210,risk,1887
3211,for,264
3212,role,1618
3213,song,6
3214,less,666
3215,military,1762
3216,now,205
3217,early,167
3218,several,450
3219,audience,839
3220,land,1761
3221,pretty,1029
3222,piece,381
3223,art,656
3224,maintain,361
3225,campaign,724
3226,course,863
3227,heart,282
3228,son,708
3229,structure,751
3230,various,1333
3231,level,1771
3232,money,144
3233,age,938
3234,against,1350
3235,somebody,282
3236,piece,473
3237,gun,871
3238,under,1740
3239,fill,1673
3240,magazine,340
3241,protect,1027
3242,morning,86
3243,together,1960
3244,week,1136
3245,point,371
3246,everything,924
3247,together,1241
3248,ahead,468
3249,read,1243
3250,computer,624
3251,policy,1184
3252,author,472
3253,cold,835
3254,collection,566
3255,each,134
3256,store,1525
3257,issue,1304
3258,read,364
3259,people,1943
3260,reveal,1556
3261,argue,929
3262,would,1510
3263,certainly,1978
3264,man,531
3265,provide,1276
3266,society,629
3267,arm,1609
3268,smile,1710
3269,such,1600
3270,activity,315
3271,reflect,1958
3272,month,1926
3273,leave,654
3274,day,1990
3275,pay,1994
3276,everyone,506
3277,TV,1450
3278,yet,836
3279,debate,720
3280,there,1728
3281,around,1170
3282,near,1545
3283,chance,1488
3284,image,1462
3285,activity,1545
3286,pull,884
3287,bed,1649
3288,bill,718
3289,ten,1972
3290,improve,1050
3291,improve,499
3292,minute,1399
3293,record,756
3294,range,1605
3295,accept,1996
3296,easy,1532
3297,first,481
3298,environmental,1967
3299,child,1543
3300,him,682
3301,represent,228
3302,program,1680
3303,maybe,1254
3304,young,1986
3305,tell,966
3306,middle,1432
3307,keep,1216
3308,approach,1409
3309,activity,120
3310,experience,241
3311,trouble,1484
3312,mind,1157
3313,serve,666
3314,main,471
3315,wish,864
3316,hit,1184
3317,deep,209
3318,speech,861
3319,late,1237
3320,national,873
3321,cultural,536
3322,hard,1029
3323,bar,1092
3324,player,1356
3325,special,1041
3326,trial,159
3327,among,788
3328,direction,958
3329,total,333
3330,exist,1317
3331,process,418
3332,training,458
3333,picture,1313
3334,southern,1566
3335,single,1865
3336,from,428
3337,view,508
3338,line,643
3339,sea,452
3340,begin,1742
3341,thing,1600
3342,recent,826
3343,seek,469
3344,beat,1817
3345,statement,1978
3346,evidence,792
3347,prepare,706
3348,recently,56
3349,involve,875
3350,senior,231
3351,individual,360
3352,rather,384
3353,material,507
3354,who,583
3355,kitchen,368
3356,address,594
3357,although,536
3358,available,1895
3359,memory,685
3360,condition,817
3361,form,61
3362,may,1555
3363,medical,1662
3364,page,1452
3365,whole,725
3366,like,1646
3367,feeling,336
3368,source,1960
3369,protect,869
3370,yeah,336
3371,central,715
3372,song,478
3373,our,884
3374,with,185
3375,contain,271
3376,democratic,171
3377,would,1530
3378,involve,771
3379,draw,1058
3380,myself,1863
3381,policy,602
3382,those,1993
3383,one,829
3384,stay,329
3385,recent,557
3386,ability,1767
3387,travel,1431
3388,number,660
3389,be,351
3390,force,1341
3391,nation,1612
3392,really,1837
3393,eye,568
3394,activity,589
3395,very,763
3396,try,1839
3397,community,1841
3398,Mr,187
3399,always,719
3400,race,1410
3401,sell,865
3402,institution,378
3403,hospital,1866
3404,approach,238
3405,at,802
3406,see,1503
3407,find,925
3408,animal,156
3409,science,1477
3410,strategy,1075
3411,bar,1731
3412,pay,1449
3413,first,612
3414,reach,1885
3415,current,313
3416,admit,1413
3417,any,825
3418,create,452
3419,music,528
3420,start,1243
3421,economy,1665
3422,much,1134
3423,beyond,1489
3424,plant,1504
3425,it,1267
3426,thank,1914
3427,could,1795
3428,from,669
3429,study,189
3430,until,1082
3431,issue,562
3432,serve,455
3433,music,1714
3434,cultural,410
3435,center,662
3436,thousand,756
3437,every,377
3438,building,1943
3439,foreign,424
3440,lose,404
3441,report,825
3442,take,1876
3443,together,1429
3444,deep,819
3445,perhaps,1710
3446,pass,1210
3447,particularly,388
3448,win,599
3449,me,67
3450,early,1968
3451,near,193
3452,medical,1245
3453,consumer,56
3454,participant,953
3455,blood,760
3456,night,433
3457,father,1440
3458,moment,1913
3459,follow,1779
3460,station,1450
3461,give,1547
3462,window,1483
3463,pick,1254
3464,marriage,914
3465,less,377
3466,friend,656
3467,six,1160
3468,audience,861
3469,service,1725
3470,campaign,1296
3471,large,126
3472,whatever,1518
3473,professional,664
3474,forward,456
3475,hour,1597
3476,term,1533
3477,size,406
3478,either,222
3479,run,741
3480,leg,1264
3481,power,1510
3482,window,1382
3483,already,1724
3484,including,360
3485,young,174
3486,reality,773
3487,somebody,85
3488,close,197
3489,car,653
3490,election,1302
3491,senior,1909
3492,service,1185
3493,economic,1609
3494,minute,1793
3495,evening,790
3496,half,85
3497,down,336
3498,involve,1969
3499,sign,1070
3500,task,310
3501,trade,765
3502,maintain,1234
3503,treat,751
3504,develop,62
3505,go,401
3506,boy,1940
3507,cultural,542
3508,American,1931
3509,speech,1429
3510,oil,1576
3511,agency,1257
3512,find,1743
3513,feel,207
3514,garden,530
3515,understand,22
3516,nice,1413
3517,reflect,1398
3518,design,1146
3519,return,1145
3520,piece,742
3521,put,292
3522,time,1455
3523,month,498
3524,audience,1722
3525,town,1641
3526,bit,1167
3527,maybe,1211
3528,young,1971
3529,price,1349
3530,any,619
3531,growth,198
3532,support,575
3533,performance,433
3534,hour,1328
3535,white,1363
3536,challenge,1709
3537,bill,1566
3538,sort,1142
3539,push,1353
3540,floor,1102
3541,policy,460
3542,president,1295
3543,along,287
3544,them,1721
3545,while,1096
3546,major,1936
3547,media,1609
3548,medical,1026
3549,hit,132
3550,field,1847
3551,event,689
3552,young,424
3553,teacher,688
3554,thought,837
3555,throughout,1603
3556,he,902
3557,trade,287
3558,attorney,829
3559,scene,1880
3560,us,1422
3561,tend,1980
3562,fine,788
3563,baby,968
3564,before,1129
3565,share,875
3566,decision,1809
3567,meeting,1905
3568,popular,383
3569,one,69
3570,me,535
3571,create,788
3572,medical,1861
3573,adult,804
3574,realize,1037
3575,because,953
3576,air,652
3577,practice,1793
3578,purpose,1486
3579,southern,1061
3580,light,1824
3581,meet,1147
3582,describe,7
3583,according,678
3584,image,1681
3585,cut,232
3586,doctor,1454
3587,already,105
3588,know,550
3589,others,159
3590,sign,1534
3591,film,607
3592,difficult,170
3593,between,1103
3594,travel,1018
3595,yard,1577
3596,southern,767
3597,knowledge,1055
3598,return,749
3599,figure,571
3600,wide,1690
3601,that,738
3602,message,1156
3603,author,1179
3604,talk,1224
3605,short,462
3606,full,693
3607,dream,795
3608,perhaps,671
3609,magazine,454
3610,station,1341
3611,if,850
3612,wall,785
3613,land,1100
3614,they,647
3615,support,1468
3616,second,565
3617,somebody,448
3618,father,1978
3619,argue,19
3620,work,718
3621,local,664
3622,type,1848
3623,power,1
3624,account,928
3625,five,126
3626,although,1916
3627,song,1534
3628,recent,1955
3629,participant,1234
3630,increase,635
3631,book,1300
3632,trial,792
3633,foreign,331
3634,present,586
3635,rest,816
3636,age,520
3637,unit,101
3638,can,1329
3639,other,688
3640,effect,1539
3641,politics,1895
3642,candidate,1050
3643,step,1514
3644,care,1393
3645,success,1136
3646,career,1322
3647,company,265
3648,international,1685
3649,job,373
3650,final,218
3651,technology,1327
3652,tell,929
3653,put,1026
3654,cell,812
3655,white,1309
3656,remain,1233
3657,find,1291
3658,face,56
3659,although,991
3660,training,165
3661,make,1153
3662,director,715
3663,bad,1851
3664,seven,814
3665,cut,1719
3666,respond,1810
3667,pattern,1741
3668,special,1553
3669,newspaper,73
3670,newspaper,762
3671,our,1863
3672,specific,732
3673,the,502
3674,situation,1355
3675,speech,1931
3676,picture,1884
3677,stay,1810
3678,end,1900
3679,leave,1316
3680,human,134
3681,save,789
3682,maintain,283
3683,one,1909
3684,somebody,986
3685,support,1894
3686,especially,1236
3687,those,1172
3688,bag,302
3689,wish,1749
3690,behind,1166
3691,sound,1582
3692,away,1153
3693,thus,1393
3694,full,1436
3695,item,1770
3696,set,130
3697,church,1676
3698,possible,1145
3699,party,218
3700,campaign,1205
3701,cut,320
3702,hour,12
3703,degree,1638
3704,tell,223
3705,play,824
3706,election,1608
3707,push,1749
3708,network,387
3709,blue,1776
3710,worker,286
3711,understand,1949
3712,forget,1488
3713,responsibility,1101
3714,morning,577
3715,create,363
3716,ago,113
3717,have,405
3718,range,518
3719,culture,1480
3720,physical,740
3721,wife,1776
3722,street,1954
3723,loss,1153
3724,high,1379
3725,him,242
3726,huge,1347
3727,lay,176
3728,avoid,839
3729,teach,1593
3730,for,343
3731,million,715
3732,item,850
3733,east,1677
3734,public,1487
3735,condition,232
3736,difference,995
3737,price,1700
3738,sometimes,667
3739,a,1121
3740,research,216
3741,describe,1716
3742,plant,1578
3743,assume,1720
3744,gun,1995
3745,new,582
3746,company,1038
3747,in,804
3748,remain,121
3749,entire,552
3750,large,294
3751,law,84
3752,note,1734
3753,lay,1017
3754,measure,1457
3755,truth,725
3756,down,1891
3757,yeah,173
3758,wall,883
3759,ahead,1121
3760,whether,1373
3761,yet,909
3762,situation,1218
3763,meet,450
3764,hit,1284
3765,weight,202
3766,yet,217
3767,friend,1877
3768,physical,621
3769,surface,1505
3770,able,302
3771,indeed,1819
3772,decade,1023
3773,measure,1229
3774,style,1257
3775,scientist,872
3776,middle,902
3777,education,288
3778,business,994
3779,city,1012
3780,stock,1156
3781,per,800
3782,hit,507
3783,individual,1947
3784,everyone,1226
3785,have,107
3786,possible,1906
3787,woman,999
3788,agreement,1900
3789,director,1878
3790,my,189
3791,picture,352
3792,contain,939
3793,film,698
3794,able,392
3795,once,1268
3796,suffer,92
3797,pay,1532
3798,skin,1750
3799,floor,1866
3800,right,491
3801,capital,712
3802,myself,1400
3803,energy,1817
3804,chair,1542
3805,gun,1854
3806,cup,1523
3807,must,336
3808,suggest,1765
3809,democratic,1786
3810,seat,382
3811,when,1575
3812,get,1619
3813,who,1967
3814,special,1208
3815,although,1892
3816,serious,915
3817,fall,1594
3818,character,668
3819,notice,1835
3820,computer,724
3821,prevent,1705
3822,certain,1364
3823,increase,1030
3824,loss,52
3825,discussion,1890
3826,might,1192
3827,yourself,530
3828,find,1817
3829,he,775
3830,certainly,603
3831,challenge,181
3832,white,1802
3833,long,1487
3834,nature,1340
3835,floor,248
3836,trouble,92
3837,center,2000
3838,forward,481
3839,authority,1195
3840,all,897
3841,whom,1576
3842,fact,84
3843,modern,1658
3844,leg,1777
3845,Mr,1049
3846,card,1119
3847,rule,419
3848,even,694
3849,radio,371
3850,eight,1869
3851,my,1224
3852,young,68
3853,example,279
3854,fish,1513
3855,rate,493
3856,newspaper,614
3857,more,902
3858,upon,963
3859,maintain,952
3860,return,1342
3861,often,725
3862,item,691
3863,way,128
3864,TV,970
3865,past,1778
3866,executive,1179
3867,because,1126
3868,available,608
3869,wife,2
3870,identify,393
3871,back,1009
3872,general,205
3873,head,1418
3874,religious,1866
3875,manager,808
3876,prevent,1771
3877,parent,1905
3878,nation,843
3879,toward,1666
3880,than,982
3881,business,1662
3882,serious,1968
3883,put,293
3884,represent,19
3885,authority,1227
3886,chair,1808
3887,them,512
3888,player,1091
3889,pull,1740
3890,lot,118
3891,sort,1748
3892,evidence,1057
3893,down,660
3894,national,1873
3895,wear,898
3896,new,1068
3897,movie,886
3898,church,530
3899,step,810
3900,new,1026
3901,pull,608
3902,deep,1914
3903,use,869
3904,discover,1619
3905,minute,302
3906,model,975
3907,choose,278
3908,smile,395
3909,study,68
3910,only,1600
3911,test,1147
3912,natural,1024
3913,market,166
3914,wife,668
3915,common,755
3916,security,1535
3917,personal,1070
3918,dream,643
3919,condition,177
3920,available,1651
3921,machine,471
3922,quality,1602
3923,life,21
3924,degree,7
3925,agency,848
3926,fine,1637
3927,cold,1419
3928,public,780
3929,region,263
3930,where,1933
3931,the,581
3932,knowledge,1959
3933,mission,1407
3934,particular,654
3935,organization,869
3936,least,1450
3937,store,1252
3938,accept,1317
3939,decision,684
3940,act,1940
3941,because,937
3942,benefit,110
3943,wife,411
3944,let,1316
3945,employee,940
3946,tree,1734
3947,be,1958
3948,most,959
3949,direction,316
3950,medical,240
3951,now,177
3952,evening,515
3953,main,1358
3954,radio,1417
3955,where,1050
3956,employee,1333
3957,five,1591
3958,seek,1748
3959,authority,1989
3960,describe,222
3961,report,30
3962,generation,242
3963,summer,1770
3964,serve,161
3965,claim,1063
3966,because,332
3967,civil,1595
3968,sea,25
3969,Congress,1338
3970,couple,1474
3971,argue,379
3972,article,930
3973,strong,596
3974,their,119
3975,it,1707
3976,prevent,1744
3977,section,1792
3978,none,1225
3979,executive,1624
3980,news,783
3981,evidence,1161
3982,thus,77
3983,until,942
3984,yes,69
3985,station,58
3986,despite,1586
3987,store,460
3988,strategy,1350
3989,want,607
3990,several,674
3991,actually,279
3992,want,27
3993,cold,471
3994,what,1051
3995,kid,1541
3996,perform,1655
3997,factor,1318
3998,piece,1170
3999,next,1915
4000,practice,1355
4001,realize,1852
4002,wrong,844
4003,live,909
4004,second,1383
4005,PM,566
4006,per,1386
4007,pick,1862
4008,break,1333
4009,avoid,242
4010,whatever,1635
4011,instead,1869
4012,radio,327
4013,set,858
4014,our,1950
4015,interesting,1265
4016,full,105
4017,eat,1186
4018,among,1519
4019,course,550
4020,a,1017
4021,idea,1935
4022,popular,230
4023,effect,860
4024,the,1869
4025,kind,797
4026,next,1857
4027,action,898
4028,method,1153
4029,often,1155
4030,beyond,1670
4031,before,1106
4032,us,348
4033,watch,1175
4034,visit,698
4035,add,1525
4036,create,348
4037,truth,1679
4038,drive,447
4039,person,22
4040,language,1930
4041,challenge,642
4042,need,482
4043,song,542
4044,whose,1672
4045,we,1733
4046,your,32
4047,low,1650
4048,include,721
4049,most,25
4050,style,1360
4051,meeting,1285
4052,ability,1627
4053,everybody,776
4054,able,1968
4055,final,715
4056,attorney,302
4057,resource,178
4058,many,1229
4059,environment,1723
4060,born,1258
4061,bill,1234
4062,support,1316
4063,never,176
4064,fine,1985
4065,paper,1641
4066,throughout,649
4067,cup,435
4068,the,820
4069,great,163
4070,safe,1050
4071,north,324
4072,PM,1919
4073,provide,1833
4074,couple,1377
4075,serious,1383
4076,no,1040
4077,risk,1260
4078,religious,506
4079,eight,1604
4080,six,1472
4081,mind,1883
4082,treat,1204
4083,medical,202
4084,various,1967
4085,effort,791
4086,box,1944
4087,figure,959
4088,authority,1942
4089,nor,256
4090,five,80
4091,expect,1097
4092,person,286
4093,first,324
4094,work,848
4095,break,1257
4096,gun,1792
4097,he,1564
4098,second,489
4099,charge,1302
4100,resource,128
4101,cause,1863
4102,camera,1882
4103,yet,1342
4104,community,658
4105,other,823
4106,physical,549
4107,event,1548
4108,pick,1713
4109,upon,1013
4110,memory,1684
4111,boy,481
4112,long,1251
4113,anyone,1780
4114,visit,453
4115,mean,983
4116,represent,1
4117,scientist,1713
4118,appear,766
4119,small,1281
4120,performance,1241
4121,official,174
4122,area,666
4123,share,1926
4124,cell,243
4125,here,1024
4126,outside,755
4127,total,590
4128,relate,1034
4129,available,1099
4130,by,1079
4131,issue,1406
4132,have,794
4133,maintain,1237
4134,performance,1157
4135,sort,282
4136,before,1387
4137,sign,268
4138,provide,1197
4139,really,1781
4140,event,1322
4141,quickly,392
4142,out,1551
4143,her,1407
4144,every,571
4145,might,1681
4146,attention,1926
4147,anything,472
4148,service,1904
4149,once,468
4150,local,1309
4151,behavior,635
4152,time,1863
4153,begin,958
4154,water,763
4155,others,288
4156,chair,1793
4157,course,413
4158,kind,353
4159,already,1186
4160,improve,11
4161,trouble,737
4162,audience,1315
4163,identify,715
4164,believe,1840
4165,most,1288
4166,page,173
4167,thank,939
4168,job,1586
4169,particular,1755
4170,southern,1935
4171,worry,232
4172,force,1839
4173,important,122
4174,these,1440
4175,husband,1862
4176,decide,1804
4177,ability,123
4178,month,752
4179,deal,910
4180,modern,1610
4181,support,1282
4182,instead,137
4183,PM,1374
4184,until,354
4185,network,790
4186,red,1425
4187,responsibility,690
4188,identify,1392
4189,most,1941
4190,road,294
4191,investment,36
4192,see,120
4193,follow,316
4194,risk,809
4195,lead,891
4196,fight,1590
4197,concern,1507
4198,green,214
4199,woman,147
4200,large,1510
4201,kitchen,1727
4202,page,522
4203,song,715
4204,blood,1183
4205,raise,412
4206,early,1328
4207,expect,299
4208,than,1100
4209,would,190
4210,central,78
4211,simply,1848
4212,establish,1727
4213,exist,1247
4214,idea,384
4215,product,405
4216,national,555
4217,spend,771
4218,figure,1694
4219,management,1272
4220,certain,1697
4221,argue,1745
4222,story,1704
4223,both,1787
4224,chance,1368
4225,check,169
4226,green,81
4227,source,1278
4228,effort,735
4229,memory,1320
4230,such,637
4231,never,324
4232,news,1051
4233,option,1669
4234,form,1521
4235,mother,875
4236,large,66
4237,their,745
4238,author,1865
4239,avoid,191
4240,without,1290
4241,such,924
4242,focus,763
4243,player,1510
4244,or,1964
4245,inside,96
4246,despite,1206
4247,into,987
4248,her,638
4249,unit,1920
4250,then,1852
4251,receive,1679
4252,sport,1299
4253,significant,1071
4254,senior,1185
4255,week,1014
4256,make,555
4257,someone,888
4258,develop,1291
4259,serve,1983
4260,general,892
4261,sign,256
4262,goal,679
4263,southern,1535
4264,decade,1664
4265,yes,403
4266,fact,326
4267,under,1114
4268,yourself,1204
4269,still,41
4270,budget,953
4271,series,216
4272,choice,1151
4273,position,1955
4274,local,841
4275,ready,6
4276,me,72
4277,floor,571
4278,far,1910
4279,safe,241
4280,hundred,665
4281,mind,960
4282,success,206
4283,resource,1005
4284,threat,1403
4285,much,569
4286,major,669
4287,treat,1114
4288,Democrat,1149
4289,matter,842
4290,every,1132
4291,major,1915
4292,town,1470
4293,smile,459
4294,every,1840
4295,number,506
4296,world,1258
4297,like,1456
4298,area,99
4299,language,82
4300,system,1388
4301,stop,1304
4302,law,127
4303,should,1430
4304,pay,1477
4305,produce,1810
4306,trade,180
4307,green,1010
4308,fly,124
4309,economy,1786
4310,community,484
4311,thank,573
4312,with,1385
4313,name,65
4314,talk,1704
4315,design,1298
4316,give,1402
4317,page,1815
4318,property,168
4319,interview,955
4320,tax,833
4321,people,1296
4322,beautiful,437
4323,talk,1267
4324,great,595
4325,seven,121
4326,step,1532
4327,camera,1651
4328,sport,1510
4329,food,1175
4330,your,567
4331,note,1212
4332,laugh,451
4333,fast,1011
4334,poor,585
4335,want,729
4336,social,628
4337,person,1541
4338,blue,594
4339,work,238
4340,race,660
4341,seem,1529
4342,hour,265
4343,thus,1497
4344,success,639
4345,office,1188
4346,treat,341
4347,then,1056
4348,science,1722
4349,recent,1977
4350,conference,1876
4351,raise,336
4352,song,615
4353,might,1663
4354,official,1220
4355,court,1639
4356,by,1492
4357,all,1953
4358,statement,1438
4359,resource,1438
4360,me,526
4361,once,693
4362,strategy,1850
4363,find,550
4364,decade,1652
4365,decision,623
4366,hot,824
4367,always,1752
4368,check,1971
4369,ready,319
4370,wonder,1184
4371,pretty,1652
4372,miss,671
4373,wear,1966
4374,resource,1359
4375,might,446
4376,minute,130
4377,property,535
4378,environmental,32
4379,hand,1426
4380,million,1657
4381,try,1715
4382,shoulder,449
4383,little,1367
4384,forward,500
4385,debate,1466
4386,start,266
4387,national,308
4388,appear,536
4389,effort,1524
4390,nation,845
4391,big,1575
4392,out,407
4393,who,854
4394,as,746
4395,listen,1801
4396,any,1565
4397,hair,571
4398,what,1734
4399,feeling,375
4400,on,990
4401,soldier,1902
4402,once,1092
4403,skin,1291
4404,song,125
4405,plan,1799
4406,stay,29
4407,race,1682
4408,product,1078
4409,soldier,1178
4410,receive,791
4411,believe,1659
4412,effect,35
4413,tough,469
4414,game,116
4415,executive,1834
4416,second,700
4417,professor,438
4418,decade,67
4419,value,930
4420,practice,1658
4421,score,1013
4422,huge,1090
4423,now,1833
4424,tree,869
4425,participant,1076
4426,address,527
4427,artist,461
4428,always,877
4429,car,1065
4430,agency,1335
4431,blue,1552
4432,tonight,200
4433,anyone,1031
4434,bit,1323
4435,very,1366
4436,town,1950
4437,hotel,1284
4438,weight,660
4439,economic,393
4440,name,354
4441,property,1200
4442,brother,1372
4443,so,1346
4444,network,30
4445,question,173
4446,assume,989
4447,physical,64
4448,time,1634
4449,ago,1376
4450,write,560
4451,line,1430
4452,the,755
4453,discover,1975
4454,keep,554
4455,music,148
4456,benefit,18
4457,investment,1957
4458,man,920
4459,add,343
4460,usually,528
4461,image,1981
4462,beyond,1516
4463,particularly,649
4464,executive,1725
4465,small,1717
4466,clearly,1890
4467,hour,606
4468,although,509
4469,term,1914
4470,fear,1749
4471,billion,650
4472,explain,1196
4473,father,166
4474,soldier,1780
4475,actually,853
4476,specific,1571
4477,collection,553
4478,live,492
4479,miss,1616
4480,general,1166
4481,position,312
4482,maybe,1500
4483,sit,1284
4484,amount,1805
4485,main,366
4486,piece,946
4487,within,865
4488,floor,697
4489,president,249
4490,save,819
4491,store,1770
4492,instead,751
4493,keep,1712
4494,maintain,47
4495,area,1581
4496,stuff,721
4497,thus,899
4498,standard,1755
4499,important,462
4500,note,103
4501,say,1583
4502,color,118
4503,interesting,1099
4504,admit,1526
4505,billion,1335
4506,business,1592
4507,worker,1558
4508,American,1376
4509,provide,946
4510,rise,1806
4511,provide,1295
4512,focus,33
4513,artist,1172
4514,read,1844
4515,daughter,1080
4516,record,1215
4517,pick,1657
4518,manage,760
4519,skill,1181
4520,there,940
4521,too,1223
4522,view,404
4523,push,1018
4524,strong,617
4525,cup,1307
4526,dog,713
4527,reach,1158
4528,several,220
4529,political,366
4530,force,443
4531,enter,423
4532,moment,819
4533,some,1904
4534,effort,196
4535,bar,336
4536,military,71
4537,anyone,577
4538,keep,1600
4539,change,220
4540,language,1103
4541,democratic,1003
4542,mind,336
4543,machine,900
4544,affect,1731
4545,according,1733
4546,popular,387
4547,per,1457
4548,strategy,358
4549,major,299
4550,statement,1544
4551,speak,1426
4552,those,512
4553,lay,425
4554,subject,276
4555,answer,432
4556,so,1568
4557,fight,46
4558,party,250
4559,a,1252
4560,magazine,1892
4561,turn,1823
4562,could,1214
4563,heart,1982
4564,make,1919
4565,paper,914
4566,everything,1320
4567,woman,519
4568,we,1281
4569,available,1934
4570,know,73
4571,information,300
4572,writer,187
4573,head,612
4574,forward,1617
4575,local,1434
4576,apply,1907
4577,product,1290
4578,show,975
4579,face,1272
4580,decision,451
4581,agree,1038
4582,gun,1980
4583,girl,42
4584,friend,528
4585,reason,1445
4586,huge,643
4587,chair,1609
4588,like,415
4589,fear,552
4590,herself,1349
4591,another,1840
4592,white,991
4593,approach,669
4594,project,1530
4595,choose,1201
4596,fight,591
4597,tend,1369
4598,say,1790
4599,word,187
4600,whole,986
4601,before,1327
4602,success,145
4603,race,363
4604,run,385
4605,force,1213
4606,space,1752
4607,tree,1787
4608,boy,287
4609,what,1440
4610,response,1289
4611,above,76
4612,after,1422
4613,skill,780
4614,central,345
4615,politics,1448
4616,pay,929
4617,management,224
4618,continue,400
4619,kid,14
4620,style,1332
4621,light,1552
4622,other,1414
4623,enter,635
4624,Democrat,345
4625,consider,1301
4626,physical,347
4627,resource,79
4628,young,817
4629,soon,1763
4630,political,293
4631,blue,442
4632,with,1281
4633,house,735
4634,do,198
4635,food,8
4636,check,1384
4637,black,973
4638,father,1607
4639,who,1017
4640,college,266
4641,wife,1823
4642,board,1932
4643,current,516
4644,prepare,1274
4645,between,926
4646,more,395
4647,modern,879
4648,should,1338
4649,sort,858
4650,help,2000
4651,very,997
4652,laugh,615
4653,energy,931
4654,wear,632
4655,term,375
4656,control,505
4657,something,1973
4658,here,1022
4659,nearly,162
4660,month,1528
4661,suffer,1621
4662,food,1101
4663,east,435
4664,on,1529
4665,democratic,1133
4666,lead,303
4667,husband,190
4668,clearly,347
4669,get,1567
4670,system,1429
4671,summer,819
4672,policy,554
4673,interest,556
4674,natural,1739
4675,public,1705
4676,bit,795
4677,later,1445
4678,prove,662
4679,I,175
4680,expect,1968
4681,just,1564
4682,recognize,80
4683,education,637
4684,agree,1533
4685,red,265
4686,stay,1437
4687,herself,533
4688,example,1157
4689,religious,1565
4690,operation,646
4691,entire,663
4692,manager,401
4693,visit,1368
4694,age,1281
4695,down,1368
4696,minute,1656
4697,young,672
4698,theory,1930
4699,everything,1436
4700,successful,724
4701,buy,551
4702,capital,1180
4703,nearly,621
4704,ten,886
4705,student,1541
4706,administration,234
4707,political,1327
4708,until,260
4709,practice,1832
4710,look,70
4711,democratic,173
4712,wrong,1463
4713,nor,1939
4714,determine,1893
4715,moment,986
4716,my,607
4717,six,564
4718,across,1391
4719,economic,789
4720,work,1392
4721,little,1832
4722,inside,417
4723,where,381
4724,could,562
4725,policy,552
4726,despite,1665
4727,free,575
4728,PM,1648
4729,bag,650
4730,table,1218
4731,then,1962
4732,entire,1444
4733,whether,1386
4734,recognize,872
4735,assume,314
4736,professional,517
4737,I,1772
4738,edge,631
4739,hold,1525
4740,at,1263
4741,full,1271
4742,southern,1538
4743,among,1417
4744,field,1731
4745,fund,1295
4746,field,94
4747,pick,1462
4748,degree,1484
4749,with,603
4750,fact,1353
4751,tonight,68
4752,safe,1803
4753,threat,840
4754,popular,13
4755,democratic,233
4756,network,174
4757,that,513
4758,stock,571
4759,cover,1175
4760,get,112
4761,develop,278
4762,see,137
4763,investment,1187
4764,nor,145
4765,news,1944
4766,former,1224
4767,almost,1251
4768,happy,981
4769,not,436
4770,walk,1367
4771,until,538
4772,hand,1786
4773,seat,71
4774,white,1551
4775,organization,1808
4776,me,1760
4777,hair,60
4778,guess,1920
4779,girl,1199
4780,citizen,628
4781,although,769
4782,last,1731
4783,deep,1035
4784,pattern,692
4785,system,541
4786,article,415
4787,magazine,56
4788,lay,1754
4789,rate,873
4790,something,769
4791,bed,745
4792,walk,1888
4793,analysis,964
4794,situation,350
4795,interesting,1457
4796,country,1078
4797,hot,1729
4798,catch,1170
4799,west,1025
4800,coach,402
4801,surface,1856
4802,peace,1095
4803,act,766
4804,young,421
4805,artist,1350
4806,morning,97
4807,box,1836
4808,success,1979
4809,high,1195
4810,deal,1620
4811,room,1445
4812,Mr,325
4813,listen,1577
4814,maintain,1361
4815,anything,398
4816,attorney,1606
4817,amount,1618
4818,throughout,1693
4819,technology,1414
4820,before,481
4821,the,1984
4822,interesting,997
4823,play,136
4824,reality,1635
4825,difficult,1564
4826,difference,845
4827,behavior,58
4828,fight,1971
4829,meet,1657
4830,direction,704
4831,short,393
4832,performance,1348
4833,too,1718
4834,federal,1614
4835,bar,8
4836,spring,815
4837,question,1776
4838,door,974
4839,remember,1713
4840,huge,1781
4841,movie,286
4842,positive,688
4843,assume,1528
4844,newspaper,1218
4845,hotel,1223
4846,not,1719
4847,avoid,1829
4848,interview,1811
4849,poor,900
4850,whatever,1290
4851,education,1757
4852,soldier,638
4853,consider,1180
4854,list,1742
4855,water,123
4856,raise,1787
4857,market,217
4858,follow,1956
4859,item,880
4860,have,570
4861,right,880
4862,wear,498
4863,under,1033
4864,middle,1359
4865,resource,77
4866,series,949
4867,relate,1112
4868,address,488
4869,fill,38
4870,when,1891
4871,officer,1256
4872,authority,1477
4873,rule,668
4874,part,1832
4875,hard,1773
4876,hundred,1590
4877,plant,274
4878,north,26
4879,decide,918
4880,these,1604
4881,me,292
4882,goal,861
4883,front,239
4884,ago,1627
4885,your,1947
4886,result,1122
4887,western,1698
4888,evening,1294
4889,each,640
4890,spring,1816
4891,relationship,443
4892,pull,553
4893,today,1605
4894,family,787
4895,stop,605
4896,tough,1989
4897,at,1722
4898,director,1892
4899,professor,1700
4900,PM,536
4901,young,1165
4902,price,1157
4903,house,567
4904,everything,451
4905,reflect,538
4906,body,748
4907,sometimes,1309
4908,forward,1977
4909,father,1956
4910,focus,1586
4911,sort,1976
4912,most,1743
4913,environment,1251
4914,drug,318
4915,our,1274
4916,worry,1643
4917,experience,1563
4918,give,1938
4919,go,1455
4920,direction,1462
4921,year,1169
4922,rate,1719
4923,professional,1791
4924,national,1841
4925,at,1815
4926,as,1572
4927,father,516
4928,tax,346
4929,yes,238
4930,long,1696
4931,after,1472
4932,nature,1088
4933,say,1964
4934,hit,1813
4935,stay,914
4936,bar,1398
4937,gas,1631
4938,American,1848
4939,then,1898
4940,traditional,594
4941,long,1386
4942,huge,1276
4943,authority,721
4944,throw,1028
4945,choice,728
4946,attack,1894
4947,statement,1730
4948,sure,1939
4949,time,82
4950,voice,1575
4951,expert,1758
4952,a,1047
4953,people,1473
4954,those,1938
4955,leg,262
4956,system,781
4957,face,416
4958,black,892
4959,opportunity,366
4960,sit,856
4961,interest,1853
4962,smile,1999
4963,task,1716
4964,give,17
4965,very,1053
4966,change,1314
4967,where,1425
4968,court,1735
4969,television,1675
4970,plant,1629
4971,you,1635
4972,big,856
4973,majority,1676
4974,it,1673
4975,myself,643
4976,international,1700
4977,tonight,118
4978,along,470
4979,garden,110
4980,mention,1805
4981,economy,10
4982,politics,465
4983,Mr,348
4984,actually,1042
4985,full,1603
4986,film,180
4987,stay,673
4988,thing,1101
4989,trade,1524
4990,movement,1085
4991,responsibility,1235
4992,somebody,1580
4993,ok,498
4994,public,1606
4995,security,1193
4996,item,623
4997,age,1978
4998,exist,1672
4999,data,297
5000,theory,1151
